31001,2014-02-18 00:00,Todas,Projeto ENEM,Tutorial - Redação 1,1° Bimestre,,
31001,2014-02-18 00:00,Todas,Pré-vestibular,Tutorial - Redação 1,1° Bimestre,,
31001,2014-02-18 00:00,Todas,Medicina,Tutorial - Redação 1,1° Bimestre,,
31001,2014-02-18 00:00,Todas,Projeto UERJ,Tutorial - Redação 1,1° Bimestre,,
17002,2014-02-25 00:00,Todas,EF 7º ano,Teste Português 1º Bimestre,1° Bimestre,,
17011,2014-02-25 00:00,Todas,EF 7º ano,2CH - Teste Português 1º Bimestre,1° Bimestre,,
18003,2014-02-25 00:00,Todas,EF 8º ano,Teste Português 1º Bimestre,1° Bimestre,,
18013,2014-02-25 00:00,Todas,EF 8º ano,2CH - Teste Português 1º Bimestre,1° Bimestre,,
71001,2014-03-01 00:00,Todas,Dependência 1ª série,Módulo 1,1° Bimestre,,
71002,2014-03-01 00:00,Todas,Dependência 1ª série,Módulo 2,1° Bimestre,,
72001,2014-03-01 00:00,Todas,Dependência 2ª série,Módulo 1,1° Bimestre,,
72002,2014-03-01 00:00,Todas,Dependência 2ª série,Módulo 2,1° Bimestre,,
75001,2014-03-01 00:00,Todas,Dependência 5º ano,Módulo 1,1° Bimestre,,
75002,2014-03-01 00:00,Todas,Dependência 5º ano,Módulo 2,1° Bimestre,,
76001,2014-03-01 00:00,Todas,Dependência 6º ano,Módulo 1,1° Bimestre,,
76002,2014-03-01 00:00,Todas,Dependência 6º ano,Módulo 2,1° Bimestre,,
77001,2014-03-01 00:00,Todas,Dependência 7º ano,Módulo 1,1° Bimestre,,
77002,2014-03-01 00:00,Todas,Dependência 7º ano,Módulo 2,1° Bimestre,,
78001,2014-03-01 00:00,Todas,Dependência 8º ano,Módulo 1,1° Bimestre,,
78002,2014-03-01 00:00,Todas,Dependência 8º ano,Módulo 2,1° Bimestre,,
79001,2014-03-01 00:00,Todas,Dependência 9° ano,Módulo 1,1° Bimestre,,
79002,2014-03-01 00:00,Todas,Dependência 9° ano,Módulo 2,1° Bimestre,,
16001,2014-03-04 00:00,Todas,EF 6º ano,Teste Matemática 1º Bimestre,1° Bimestre,,
16010,2014-03-04 00:00,Todas,EF 6º ano,2CH - Teste Matemática 1º Bimestre,1° Bimestre,,
16398,2014-03-04 00:00,Todas,EF 6º ano,Nota do Professor,1° Bimestre,,
17001,2014-03-04 00:00,Todas,EF 7º ano,Teste Matemática 1º Bimestre,1° Bimestre,,
17010,2014-03-04 00:00,Todas,EF 7º ano,2CH - Teste Matemática 1º Bimestre,1° Bimestre,,
17397,2014-03-04 00:00,Todas,EF 7º ano,Nota do Professor,1° Bimestre,,
18001,2014-03-04 00:00,Todas,EF 8º ano,Teste Álgebra 1º Bimestre,1° Bimestre,,
18002,2014-03-04 00:00,Todas,EF 8º ano,Teste Geometria 1º Bimestre,1° Bimestre,,
18011,2014-03-04 00:00,Todas,EF 8º ano,2CH - Teste Álgebra 1º Bimestre,1° Bimestre,,
18012,2014-03-04 00:00,Todas,EF 8º ano,2CH - Teste Geometria 1º Bimestre,1° Bimestre,,
18397,2014-03-04 00:00,Todas,EF 8º ano,Nota do Professor,1° Bimestre,,
31002,2014-03-04 00:00,Todas,Projeto UERJ,Tutorial - Redação 2,1° Bimestre,,
31002,2014-03-04 00:00,Todas,Projeto ENEM,Tutorial - Redação 2,1° Bimestre,,
31002,2014-03-04 00:00,Todas,Pré-vestibular,Tutorial - Redação 2,1° Bimestre,,
31002,2014-03-04 00:00,Todas,Medicina,Tutorial - Redação 2,1° Bimestre,,
25502,2014-03-09 00:00,Todas,1ª série Militar,Simulado PENSI - Mat Ciclo 1,1° Bimestre,,
12111,2014-03-11 00:00,Todas,EF 2º ano,Testes A,1° Bimestre,,
13111,2014-03-11 00:00,Todas,EF 3º ano,Testes A,1° Bimestre,,
14111,2014-03-11 00:00,Todas,EF 4º ano,Testes A,1° Bimestre,,
15111,2014-03-11 00:00,Todas,EF 5º ano,Testes A,1° Bimestre,,
16002,2014-03-11 00:00,Todas,EF 6º ano,Teste Português 1º Bimestre,1° Bimestre,,
16003,2014-03-11 00:00,Todas,EF 6º ano,Teste Artes 1º Bimestre,1° Bimestre,,
16011,2014-03-11 00:00,Todas,EF 6º ano,2CH - Teste Português 1º Bimestre,1° Bimestre,,
16012,2014-03-11 00:00,Todas,EF 6º ano,2CH - Teste Artes 1º Bimestre,1° Bimestre,,
17003,2014-03-11 00:00,Todas,EF 7º ano,Teste Desenho 1º Bimestre,1° Bimestre,,
17004,2014-03-11 00:00,Todas,EF 7º ano,Teste Redação 1º Bimestre,1° Bimestre,,
17012,2014-03-11 00:00,Todas,EF 7º ano,2CH - Teste Desenho 1º Bimestre,1° Bimestre,,
17013,2014-03-11 00:00,Todas,EF 7º ano,2CH - Teste Redação 1º Bimestre,1° Bimestre,,
18004,2014-03-11 00:00,Todas,EF 8º ano,Teste Redação 1º Bimestre,1° Bimestre,,
18005,2014-03-11 00:00,Todas,EF 8º ano,Teste Desenho 1º Bimestre,1° Bimestre,,
18014,2014-03-11 00:00,Todas,EF 8º ano,2CH - Teste Redação 1º Bimestre,1° Bimestre,,
18015,2014-03-11 00:00,Todas,EF 8º ano,2CH - Teste Desenho 1º Bimestre,1° Bimestre,,
12112,2014-03-13 00:00,Todas,EF 2º ano,Testes A,1° Bimestre,,
13112,2014-03-13 00:00,Todas,EF 3º ano,Testes A,1° Bimestre,,
14112,2014-03-13 00:00,Todas,EF 4º ano,Testes A,1° Bimestre,,
15112,2014-03-13 00:00,Todas,EF 5º ano,Testes A,1° Bimestre,,
12113,2014-03-15 00:00,Todas,EF 2º ano,Testes A,1° Bimestre,,
13113,2014-03-15 00:00,Todas,EF 3º ano,Testes A,1° Bimestre,,
14113,2014-03-15 00:00,Todas,EF 4º ano,Testes A,1° Bimestre,,
15113,2014-03-15 00:00,Todas,EF 5º ano,Testes A,1° Bimestre,,
19001,2014-03-16 00:00,Todas,EF 9º ano,Teste Álgebra Geometria 1º Bimestre,1° Bimestre,,
19002,2014-03-16 00:00,Todas,EF 9º ano,Teste Redação 1º Bimestre,1° Bimestre,,
19007,2014-03-16 00:00,Todas,EF 9º ano,Teste Inglês 1º Bimestre,1° Bimestre,,
19008,2014-03-16 00:00,Todas,EF 9º ano,Teste Espanhol 1º Bimestre,1° Bimestre,,
19009,2014-03-16 00:00,Todas,EF 9º ano,Teste Artes 1º Bimestre,1° Bimestre,,
19016,2014-03-16 00:00,Todas,EF 9º ano,2CH - Teste Inglês 1º Bimestre,1° Bimestre,,
19017,2014-03-16 00:00,Todas,EF 9º ano,2CH - Teste Espanhol 1º Bimestre,1° Bimestre,,
19018,2014-03-16 00:00,Todas,EF 9º ano,2CH - Teste Artes 1º Bimestre,1° Bimestre,,
19220,2014-03-16 00:00,Todas,EF 9º ano,Teste Álgebra Geometria 1º Bimestre,1° Bimestre,,
19221,2014-03-16 00:00,Todas,EF 9º ano,Teste Redação 1º Bimestre,1° Bimestre,,
19238,2014-03-16 00:00,Todas,EF 9º ano,Teste Álgebra Geometria 1º Bimestre,1° Bimestre,,
19239,2014-03-16 00:00,Todas,EF 9º ano,Teste Redação 1º Bimestre,1° Bimestre,,
19398,2014-03-16 00:00,Todas,EF 9º ano,Nota do Professor,1° Bimestre,,
21001,2014-03-16 00:00,Todas,1ª série PISM,Teste Mat1 Fis1 Geo1 Redação 1º Bimestre,1° Bimestre,,
21001,2014-03-16 00:00,Todas,1ª série Regular,Teste Mat1 Fis1 Geo1 Redação 1º Bimestre,1° Bimestre,,
21002,2014-03-16 00:00,Todas,1ª série PISM,Teste Qui1 Hist1 Bio1 Português 1º Bimestre,1° Bimestre,,
21002,2014-03-16 00:00,Todas,1ª série Regular,Teste Qui1 Hist1 Bio1 Português 1º Bimestre,1° Bimestre,,
21005,2014-03-16 00:00,Todas,1ª série Regular,Teste Filosofia 1º Bimestre,1° Bimestre,,
21005,2014-03-16 00:00,Todas,1ª série PISM,Teste Filosofia 1º Bimestre,1° Bimestre,,
21006,2014-03-16 00:00,Todas,1ª série Regular,Teste Sociologia 1º Bimestre,1° Bimestre,,
21006,2014-03-16 00:00,Todas,1ª série PISM,Teste Sociologia 1º Bimestre,1° Bimestre,,
21007,2014-03-16 00:00,Todas,1ª série Regular,Teste Artes 1º Bimestre,1° Bimestre,,
21007,2014-03-16 00:00,Todas,1ª série PISM,Teste Artes 1º Bimestre,1° Bimestre,,
21012,2014-03-16 00:00,Todas,1ª série Regular,2CH - Teste Filosofia 1º Bimestre,1° Bimestre,,
21012,2014-03-16 00:00,Todas,1ª série PISM,2CH - Teste Filosofia 1º Bimestre,1° Bimestre,,
21013,2014-03-16 00:00,Todas,1ª série Regular,2CH - Teste Sociologia 1º Bimestre,1° Bimestre,,
21013,2014-03-16 00:00,Todas,1ª série PISM,2CH - Teste Sociologia 1º Bimestre,1° Bimestre,,
21014,2014-03-16 00:00,Todas,1ª série Regular,2CH - Teste Artes 1º Bimestre,1° Bimestre,,
21014,2014-03-16 00:00,Todas,1ª série PISM,2CH - Teste Artes 1º Bimestre,1° Bimestre,,
21257,2014-03-16 00:00,Todas,1ª série PISM,Teste Mat1 Fis1 Geo1 Redação 1º Bimestre,1° Bimestre,,
21257,2014-03-16 00:00,Todas,1ª série Regular,Teste Mat1 Fis1 Geo1 Redação 1º Bimestre,1° Bimestre,,
21258,2014-03-16 00:00,Todas,1ª série Regular,Teste Qui1 Hist1 Bio1 Português 1º Bimestre,1° Bimestre,,
21258,2014-03-16 00:00,Todas,1ª série PISM,Teste Qui1 Hist1 Bio1 Português 1º Bimestre,1° Bimestre,,
21273,2014-03-16 00:00,Todas,1ª série Regular,Teste Mat1 Fis1 Geo1 Redação 1º Bimestre,1° Bimestre,,
21273,2014-03-16 00:00,Todas,1ª série PISM,Teste Mat1 Fis1 Geo1 Redação 1º Bimestre,1° Bimestre,,
21274,2014-03-16 00:00,Todas,1ª série Regular,Teste Qui1 Hist1 Bio1 Português 1º Bimestre,1° Bimestre,,
21274,2014-03-16 00:00,Todas,1ª série PISM,Teste Qui1 Hist1 Bio1 Português 1º Bimestre,1° Bimestre,,
21398,2014-03-16 00:00,Todas,1ª série Regular,Nota do Professor,1° Bimestre,,
21398,2014-03-16 00:00,Todas,1ª série PISM,Nota do Professor,1° Bimestre,,
22001,2014-03-16 00:00,Todas,2ª série Regular,Teste Mat1 Fis1 Geo1 Redação 1º Bimestre,1° Bimestre,,
22001,2014-03-16 00:00,Todas,2ª série PISM,Teste Mat1 Fis1 Geo1 Redação 1º Bimestre,1° Bimestre,,
22002,2014-03-16 00:00,Todas,2ª série Regular,Teste Qui1 Hist1 Bio1 Português 1º Bimestre,1° Bimestre,,
22002,2014-03-16 00:00,Todas,2ª série PISM,Teste Qui1 Hist1 Bio1 Português 1º Bimestre,1° Bimestre,,
22005,2014-03-16 00:00,Todas,2ª série Regular,Teste Filosofia 1º Bimestre,1° Bimestre,,
22005,2014-03-16 00:00,Todas,2ª série PISM,Teste Filosofia 1º Bimestre,1° Bimestre,,
22006,2014-03-16 00:00,Todas,2ª série Regular,Teste Sociologia 1º Bimestre,1° Bimestre,,
22006,2014-03-16 00:00,Todas,2ª série PISM,Teste Sociologia 1º Bimestre,1° Bimestre,,
22007,2014-03-16 00:00,Todas,2ª série Regular,Teste Artes 1º Bimestre,1° Bimestre,,
22007,2014-03-16 00:00,Todas,2ª série PISM,Teste Artes 1º Bimestre,1° Bimestre,,
22012,2014-03-16 00:00,Todas,2ª série Regular,2CH - Teste Filosofia 1º Bimestre,1° Bimestre,,
22012,2014-03-16 00:00,Todas,2ª série PISM,2CH - Teste Filosofia 1º Bimestre,1° Bimestre,,
22013,2014-03-16 00:00,Todas,2ª série Regular,2CH - Teste Sociologia 1º Bimestre,1° Bimestre,,
22013,2014-03-16 00:00,Todas,2ª série PISM,2CH - Teste Sociologia 1º Bimestre,1° Bimestre,,
22014,2014-03-16 00:00,Todas,2ª série Regular,2CH - Teste Artes 1º Bimestre,1° Bimestre,,
22014,2014-03-16 00:00,Todas,2ª série PISM,2CH - Teste Artes 1º Bimestre,1° Bimestre,,
22257,2014-03-16 00:00,Todas,2ª série Regular,Teste Mat1 Fis1 Geo1 Redação 1º Bimestre,1° Bimestre,,
22257,2014-03-16 00:00,Todas,2ª série PISM,Teste Mat1 Fis1 Geo1 Redação 1º Bimestre,1° Bimestre,,
22258,2014-03-16 00:00,Todas,2ª série PISM,Teste Qui1 Hist1 Bio1 Português 1º Bimestre,1° Bimestre,,
22258,2014-03-16 00:00,Todas,2ª série Regular,Teste Qui1 Hist1 Bio1 Português 1º Bimestre,1° Bimestre,,
22273,2014-03-16 00:00,Todas,2ª série PISM,Teste Mat1 Fis1 Geo1 Redação 1º Bimestre,1° Bimestre,,
22273,2014-03-16 00:00,Todas,2ª série Regular,Teste Mat1 Fis1 Geo1 Redação 1º Bimestre,1° Bimestre,,
22274,2014-03-16 00:00,Todas,2ª série PISM,Teste Qui1 Hist1 Bio1 Português 1º Bimestre,1° Bimestre,,
22274,2014-03-16 00:00,Todas,2ª série Regular,Teste Qui1 Hist1 Bio1 Português 1º Bimestre,1° Bimestre,,
22398,2014-03-16 00:00,Todas,2ª série Regular,Nota do Professor,1° Bimestre,,
22398,2014-03-16 00:00,Todas,2ª série PISM,Nota do Professor,1° Bimestre,,
25503,2014-03-16 00:00,Todas,1ª série Militar,Simulado PENSI - Port Ciclo 1,1° Bimestre,,
31018,2014-03-16 00:00,Todas,Projeto UERJ,Bônus 1º Simulado ENEM,1° Bimestre,,
31018,2014-03-16 00:00,Todas,Projeto ENEM,Bônus 1º Simulado ENEM,1° Bimestre,,
31018,2014-03-16 00:00,Todas,Pré-vestibular,Bônus 1º Simulado ENEM,1° Bimestre,,
31018,2014-03-16 00:00,Todas,Medicina,Bônus 1º Simulado ENEM,1° Bimestre,,
31501,2014-03-16 00:00,Todas,Medicina,1º Minissimulado ENEM,1° Bimestre,,
31501,2014-03-16 00:00,Todas,Projeto ENEM,1º Minissimulado ENEM,1° Bimestre,,
31501,2014-03-16 00:00,Todas,Pré-vestibular,1º Minissimulado ENEM,1° Bimestre,,
31501,2014-03-16 00:00,Todas,Projeto UERJ,1º Minissimulado ENEM,1° Bimestre,,
31601,2014-03-16 00:00,Todas,Projeto ENEM,1º Minissimulado ENEM,1° Bimestre,,
31601,2014-03-16 00:00,Todas,Pré-vestibular,1º Minissimulado ENEM,1° Bimestre,,
31601,2014-03-16 00:00,Todas,Projeto UERJ,1º Minissimulado ENEM,1° Bimestre,,
31601,2014-03-16 00:00,Todas,Medicina,1º Minissimulado ENEM,1° Bimestre,,
16004,2014-03-18 00:00,Todas,EF 6º ano,Teste Redação 1º Bimestre,1° Bimestre,,
16005,2014-03-18 00:00,Todas,EF 6º ano,Teste Ciências 1º Bimestre,1° Bimestre,,
16013,2014-03-18 00:00,Todas,EF 6º ano,2CH - Teste Redação 1º Bimestre,1° Bimestre,,
16014,2014-03-18 00:00,Todas,EF 6º ano,2CH - Teste Ciências 1º Bimestre,1° Bimestre,,
16400,2014-03-18 00:00,Todas,EF 6º ano,Trabalhos Paradidáticos - 1,1° Bimestre,,
17006,2014-03-18 00:00,Todas,EF 7º ano,Teste Geografia 1º Bimestre,1° Bimestre,,
17007,2014-03-18 00:00,Todas,EF 7º ano,Teste Inglês 1º Bimestre,1° Bimestre,,
17015,2014-03-18 00:00,Todas,EF 7º ano,2CH - Teste Geografia 1º Bimestre,1° Bimestre,,
17016,2014-03-18 00:00,Todas,EF 7º ano,2CH - Teste Inglês 1º Bimestre,1° Bimestre,,
17400,2014-03-18 00:00,Todas,EF 7º ano,Trabalhos Paradidáticos - 1,1° Bimestre,,
18006,2014-03-18 00:00,Todas,EF 8º ano,Teste Geografia 1º Bimestre,1° Bimestre,,
18007,2014-03-18 00:00,Todas,EF 8º ano,Teste Inglês 1º Bimestre,1° Bimestre,,
18016,2014-03-18 00:00,Todas,EF 8º ano,2CH - Teste Geografia 1º Bimestre,1° Bimestre,,
18017,2014-03-18 00:00,Todas,EF 8º ano,2CH - Teste Inglês 1º Bimestre,1° Bimestre,,
18400,2014-03-18 00:00,Todas,EF 8º ano,Trabalhos Paradidáticos - 1,1° Bimestre,,
19400,2014-03-18 00:00,Todas,EF 9º ano,Oficina de Redação - 1,1° Bimestre,,
31003,2014-03-18 00:00,Todas,Medicina,Tutorial - Redação 3,1° Bimestre,,
31003,2014-03-18 00:00,Todas,Projeto UERJ,Tutorial - Redação 3,1° Bimestre,,
31003,2014-03-18 00:00,Todas,Projeto ENEM,Tutorial - Redação 3,1° Bimestre,,
31003,2014-03-18 00:00,Todas,Pré-vestibular,Tutorial - Redação 3,1° Bimestre,,
12114,2014-03-19 00:00,Todas,EF 2º ano,Testes A,1° Bimestre,,
13114,2014-03-19 00:00,Todas,EF 3º ano,Testes A,1° Bimestre,,
14114,2014-03-19 00:00,Todas,EF 4º ano,Testes A,1° Bimestre,,
15114,2014-03-19 00:00,Todas,EF 5º ano,Testes A,1° Bimestre,,
12115,2014-03-21 00:00,Todas,EF 2º ano,Testes A,1° Bimestre,,
13115,2014-03-21 00:00,Todas,EF 3º ano,Testes A,1° Bimestre,,
14115,2014-03-21 00:00,Todas,EF 4º ano,Testes A,1° Bimestre,,
15115,2014-03-21 00:00,Todas,EF 5º ano,Testes A,1° Bimestre,,
19003,2014-03-23 00:00,Todas,EF 9º ano,Teste Química Biologia 1º Bimestre ,1° Bimestre,,
19004,2014-03-23 00:00,Todas,EF 9º ano,Teste Geografia 1º Bimestre ,1° Bimestre,,
19010,2014-03-23 00:00,Todas,EF 9º ano,2CH - Teste Álgebra Geometria 1º Bimestre,1° Bimestre,,
19011,2014-03-23 00:00,Todas,EF 9º ano,2CH - Teste Redação 1º Bimestre,1° Bimestre,,
19045,2014-03-23 00:00,Todas,EF 9º ano,Teste Química Biologia 1º Bimestre ,1° Bimestre,,
19046,2014-03-23 00:00,Todas,EF 9º ano,Teste Geografia 1º Bimestre ,1° Bimestre,,
19051,2014-03-23 00:00,Todas,EF 9º ano,Teste Química Biologia 1º Bimestre ,1° Bimestre,,
19052,2014-03-23 00:00,Todas,EF 9º ano,Teste Geografia 1º Bimestre ,1° Bimestre,,
19222,2014-03-23 00:00,Todas,EF 9º ano,Teste Química Biologia 1º Bimestre ,1° Bimestre,,
19223,2014-03-23 00:00,Todas,EF 9º ano,Teste Geografia 1º Bimestre ,1° Bimestre,,
19240,2014-03-23 00:00,Todas,EF 9º ano,Teste Química Biologia 1º Bimestre ,1° Bimestre,,
19241,2014-03-23 00:00,Todas,EF 9º ano,Teste Geografia 1º Bimestre ,1° Bimestre,,
20504,2014-03-23 00:00,Todas,Projeto CN,Simulado EPCAr Ciclo 1,1° Bimestre,,
20504,2014-03-23 00:00,Todas,Preparatório,Simulado EPCAr Ciclo 1,1° Bimestre,,
20504,2014-03-23 00:00,Todas,9º Ano Preparatório,Simulado EPCAr Ciclo 1,1° Bimestre,,
21008,2014-03-23 00:00,Todas,1ª série Regular,2CH - Teste Mat1 Fis1 Geo1 Redação 1º Bimestre,1° Bimestre,,
21008,2014-03-23 00:00,Todas,1ª série PISM,2CH - Teste Mat1 Fis1 Geo1 Redação 1º Bimestre,1° Bimestre,,
21009,2014-03-23 00:00,Todas,1ª série Regular,2CH - Teste Qui1 Hist1 Bio1 Português 1º Bimestre,1° Bimestre,,
21009,2014-03-23 00:00,Todas,1ª série PISM,2CH - Teste Qui1 Hist1 Bio1 Português 1º Bimestre,1° Bimestre,,
21999,2014-03-23 00:00,Todas,1ª série Regular,Bônus Simulado - 1º bim,1° Bimestre,,
21999,2014-03-23 00:00,Todas,1ª série PISM,Bônus Simulado - 1º bim,1° Bimestre,,
22008,2014-03-23 00:00,Todas,2ª série Regular,2CH - Teste Mat1 Fis1 Geo1 Redação 1º Bimestre,1° Bimestre,,
22008,2014-03-23 00:00,Todas,2ª série PISM,2CH - Teste Mat1 Fis1 Geo1 Redação 1º Bimestre,1° Bimestre,,
22009,2014-03-23 00:00,Todas,2ª série Regular,2CH - Teste Qui1 Hist1 Bio1 Português 1º Bimestre,1° Bimestre,,
22009,2014-03-23 00:00,Todas,2ª série PISM,2CH - Teste Qui1 Hist1 Bio1 Português 1º Bimestre,1° Bimestre,,
22999,2014-03-23 00:00,Todas,2ª série PISM,Bônus Simulado - 1º bim,1° Bimestre,,
22999,2014-03-23 00:00,Todas,2ª série Regular,Bônus Simulado - 1º bim,1° Bimestre,,
25504,2014-03-23 00:00,Todas,1ª série Militar,Simulado PENSI - Demais Ciclo 1,1° Bimestre,,
31017,2014-03-23 00:00,Todas,Projeto ENEM,Bônus 1º Simulado Uerj,1° Bimestre,,
31017,2014-03-23 00:00,Todas,Pré-vestibular,Bônus 1º Simulado Uerj,1° Bimestre,,
31017,2014-03-23 00:00,Todas,Medicina,Bônus 1º Simulado Uerj,1° Bimestre,,
31017,2014-03-23 00:00,Todas,Projeto UERJ,Bônus 1º Simulado Uerj,1° Bimestre,,
12116,2014-03-25 00:00,Todas,EF 2º ano,Testes A,1° Bimestre,,
13116,2014-03-25 00:00,Todas,EF 3º ano,Testes A,1° Bimestre,,
14116,2014-03-25 00:00,Todas,EF 4º ano,Testes A,1° Bimestre,,
15116,2014-03-25 00:00,Todas,EF 5º ano,Testes A,1° Bimestre,,
16006,2014-03-25 00:00,Todas,EF 6º ano,Teste Geografia 1º Bimestre,1° Bimestre,,
16007,2014-03-25 00:00,Todas,EF 6º ano,Teste Inglês 1º Bimestre,1° Bimestre,,
16015,2014-03-25 00:00,Todas,EF 6º ano,2CH - Teste Geografia 1º Bimestre,1° Bimestre,,
16016,2014-03-25 00:00,Todas,EF 6º ano,2CH - Teste Inglês 1º Bimestre,1° Bimestre,,
17008,2014-03-25 00:00,Todas,EF 7º ano,Teste História 1º Bimestre,1° Bimestre,,
17009,2014-03-25 00:00,Todas,EF 7º ano,Teste Espanhol 1º Bimestre,1° Bimestre,,
17017,2014-03-25 00:00,Todas,EF 7º ano,2CH - Teste História 1º Bimestre,1° Bimestre,,
17018,2014-03-25 00:00,Todas,EF 7º ano,2CH - Teste Espanhol 1º Bimestre,1° Bimestre,,
18008,2014-03-25 00:00,Todas,EF 8º ano,Teste História 1º Bimestre,1° Bimestre,,
18009,2014-03-25 00:00,Todas,EF 8º ano,Teste Espanhol 1º Bimestre,1° Bimestre,,
18018,2014-03-25 00:00,Todas,EF 8º ano,2CH - Teste História 1º Bimestre,1° Bimestre,,
18019,2014-03-25 00:00,Todas,EF 8º ano,2CH - Teste Espanhol 1º Bimestre,1° Bimestre,,
14117,2014-03-26 00:00,Todas,EF 4º ano,Testes A,1° Bimestre,,
15117,2014-03-26 00:00,Todas,EF 5º ano,Testes A,1° Bimestre,,
31004,2014-04-01 00:00,Todas,Pré-vestibular,Tutorial - Redação 4,1° Bimestre,,
31004,2014-04-01 00:00,Todas,Medicina,Tutorial - Redação 4,1° Bimestre,,
31004,2014-04-01 00:00,Todas,Projeto UERJ,Tutorial - Redação 4,1° Bimestre,,
31004,2014-04-01 00:00,Todas,Projeto ENEM,Tutorial - Redação 4,1° Bimestre,,
19005,2014-04-06 00:00,Todas,EF 9º ano,Teste Física Português 1º Bimestre,1° Bimestre,,
19006,2014-04-06 00:00,Todas,EF 9º ano,Teste História 1º Bimestre,1° Bimestre,,
19012,2014-04-06 00:00,Todas,EF 9º ano,2CH - Teste Química Biologia 1º Bimestre ,1° Bimestre,,
19013,2014-04-06 00:00,Todas,EF 9º ano,2CH - Teste Geografia 1º Bimestre ,1° Bimestre,,
19047,2014-04-06 00:00,Todas,EF 9º ano,Teste Física Português 1º Bimestre,1° Bimestre,,
19048,2014-04-06 00:00,Todas,EF 9º ano,Teste História 1º Bimestre,1° Bimestre,,
19053,2014-04-06 00:00,Todas,EF 9º ano,Teste Física Português 1º Bimestre,1° Bimestre,,
19054,2014-04-06 00:00,Todas,EF 9º ano,Teste História 1º Bimestre,1° Bimestre,,
20505,2014-04-06 00:00,Todas,Projeto CN,Simulado CN-Mat Ciclo 2,1° Bimestre,,
20505,2014-04-06 00:00,Todas,Preparatório,Simulado CN-Mat Ciclo 2,1° Bimestre,,
20505,2014-04-06 00:00,Todas,9º Ano Preparatório,Simulado CN-Mat Ciclo 2,1° Bimestre,,
21003,2014-04-06 00:00,Todas,1ª série Regular,Teste Mat2 Fis2 Geo2 L.Est 1º Bimestre,1° Bimestre,,
21003,2014-04-06 00:00,Todas,1ª série PISM,Teste Mat2 Fis2 Geo2 L.Est 1º Bimestre,1° Bimestre,,
21004,2014-04-06 00:00,Todas,1ª série Regular,Teste Qui2 Hist2 Bio2 Literatura 1º Bimestre,1° Bimestre,,
21004,2014-04-06 00:00,Todas,1ª série PISM,Teste Qui2 Hist2 Bio2 Literatura 1º Bimestre,1° Bimestre,,
21058,2014-04-06 00:00,Todas,1ª série Regular,Teste Mat2 Fis2 Geo2 L.Est 1º Bimestre,1° Bimestre,,
21058,2014-04-06 00:00,Todas,1ª série PISM,Teste Mat2 Fis2 Geo2 L.Est 1º Bimestre,1° Bimestre,,
21059,2014-04-06 00:00,Todas,1ª série Regular,Teste Qui2 Hist2 Bio2 Literatura 1º Bimestre,1° Bimestre,,
21059,2014-04-06 00:00,Todas,1ª série PISM,Teste Qui2 Hist2 Bio2 Literatura 1º Bimestre,1° Bimestre,,
21062,2014-04-06 00:00,Todas,1ª série Regular,Teste Mat2 Fis2 Geo2 L.Est 1º Bimestre,1° Bimestre,,
21062,2014-04-06 00:00,Todas,1ª série PISM,Teste Mat2 Fis2 Geo2 L.Est 1º Bimestre,1° Bimestre,,
21063,2014-04-06 00:00,Todas,1ª série PISM,Teste Qui2 Hist2 Bio2 Literatura 1º Bimestre,1° Bimestre,,
21063,2014-04-06 00:00,Todas,1ª série Regular,Teste Qui2 Hist2 Bio2 Literatura 1º Bimestre,1° Bimestre,,
22003,2014-04-06 00:00,Todas,2ª série Regular,Teste Mat2 Fis2 Geo2 L.Est 1º Bimestre,1° Bimestre,,
22003,2014-04-06 00:00,Todas,2ª série PISM,Teste Mat2 Fis2 Geo2 L.Est 1º Bimestre,1° Bimestre,,
22004,2014-04-06 00:00,Todas,2ª série PISM,Teste Qui2 Hist2 Bio2 Literatura 1º Bimestre,1° Bimestre,,
22004,2014-04-06 00:00,Todas,2ª série Regular,Teste Qui2 Hist2 Bio2 Literatura 1º Bimestre,1° Bimestre,,
22058,2014-04-06 00:00,Todas,2ª série PISM,Teste Mat2 Fis2 Geo2 L.Est 1º Bimestre,1° Bimestre,,
22058,2014-04-06 00:00,Todas,2ª série Regular,Teste Mat2 Fis2 Geo2 L.Est 1º Bimestre,1° Bimestre,,
22059,2014-04-06 00:00,Todas,2ª série PISM,Teste Qui2 Hist2 Bio2 Literatura 1º Bimestre,1° Bimestre,,
22059,2014-04-06 00:00,Todas,2ª série Regular,Teste Qui2 Hist2 Bio2 Literatura 1º Bimestre,1° Bimestre,,
22062,2014-04-06 00:00,Todas,2ª série PISM,Teste Mat2 Fis2 Geo2 L.Est 1º Bimestre,1° Bimestre,,
22062,2014-04-06 00:00,Todas,2ª série Regular,Teste Mat2 Fis2 Geo2 L.Est 1º Bimestre,1° Bimestre,,
22063,2014-04-06 00:00,Todas,2ª série PISM,Teste Qui2 Hist2 Bio2 Literatura 1º Bimestre,1° Bimestre,,
22063,2014-04-06 00:00,Todas,2ª série Regular,Teste Qui2 Hist2 Bio2 Literatura 1º Bimestre,1° Bimestre,,
22998,2014-04-06 00:00,Todas,2ª série Regular,Teste Qui2 Hist2 Bio2 Literatura 1º Bimestre,1° Bimestre,,
22998,2014-04-06 00:00,Todas,2ª série PISM,Teste Qui2 Hist2 Bio2 Literatura 1º Bimestre,1° Bimestre,,
26005,2014-04-06 00:00,Todas,2ª série Militar,Simulado IME-Obj Ciclo 1,1° Bimestre,,
16008,2014-04-08 00:00,Todas,EF 6º ano,Teste História 1º Bimestre,1° Bimestre,,
16009,2014-04-08 00:00,Todas,EF 6º ano,Teste Espanhol 1º Bimestre,1° Bimestre,,
16017,2014-04-08 00:00,Todas,EF 6º ano,2CH - Teste História 1º Bimestre,1° Bimestre,,
16018,2014-04-08 00:00,Todas,EF 6º ano,2CH - Teste Espanhol 1º Bimestre,1° Bimestre,,
17005,2014-04-08 00:00,Todas,EF 7º ano,Teste Ciências 1º Bimestre,1° Bimestre,,
17014,2014-04-08 00:00,Todas,EF 7º ano,2CH - Teste Ciências 1º Bimestre,1° Bimestre,,
18010,2014-04-08 00:00,Todas,EF 8º ano,Teste Ciências 1º Bimestre ,1° Bimestre,,
18020,2014-04-08 00:00,Todas,EF 8º ano,2CH - Teste Ciências 1º Bimestre,1° Bimestre,,
26006,2014-04-08 00:00,Todas,2ª série Militar,Teste História I - 1º Bimestre,1° Bimestre,,
26007,2014-04-08 00:00,Todas,2ª série Militar,Teste História II - 1º Bimestre,1° Bimestre,,
26008,2014-04-08 00:00,Todas,2ª série Militar,Teste Geografia I - 1º Bimestre,1° Bimestre,,
26009,2014-04-08 00:00,Todas,2ª série Militar,Teste Geografia II - 1º Bimestre,1° Bimestre,,
26010,2014-04-08 00:00,Todas,2ª série Militar,Teste Biologia - 1º Bimestre,1° Bimestre,,
19014,2014-04-13 00:00,Todas,EF 9º ano,2CH - Teste Física Português 1º Bimestre,1° Bimestre,,
19015,2014-04-13 00:00,Todas,EF 9º ano,2CH - Teste História 1º Bimestre,1° Bimestre,,
20506,2014-04-13 00:00,Todas,9º Ano Preparatório,Simulado CN-Demais Ciclo 2,1° Bimestre,,
20506,2014-04-13 00:00,Todas,Projeto CN,Simulado CN-Demais Ciclo 2,1° Bimestre,,
20506,2014-04-13 00:00,Todas,Preparatório,Simulado CN-Demais Ciclo 2,1° Bimestre,,
21010,2014-04-13 00:00,Todas,1ª série Regular,2CH - Teste Mat2 Fis2 Geo2 L.Est 1º Bimestre,1° Bimestre,,
21010,2014-04-13 00:00,Todas,1ª série PISM,2CH - Teste Mat2 Fis2 Geo2 L.Est 1º Bimestre,1° Bimestre,,
21011,2014-04-13 00:00,Todas,1ª série PISM,2CH - Teste Qui2 Hist2 Bio2 Literatura 1º Bimestre,1° Bimestre,,
21011,2014-04-13 00:00,Todas,1ª série Regular,2CH - Teste Qui2 Hist2 Bio2 Literatura 1º Bimestre,1° Bimestre,,
21910,2014-04-13 00:00,Todas,1ª série Regular,2CH - Teste Mat2 Fis2 Geo2 L.Est 1º Bimestre,1° Bimestre,,
21910,2014-04-13 00:00,Todas,1ª série PISM,2CH - Teste Mat2 Fis2 Geo2 L.Est 1º Bimestre,1° Bimestre,,
22010,2014-04-13 00:00,Todas,2ª série PISM,2CH - Teste Mat2 Fis2 Geo2 L.Est 1º Bimestre,1° Bimestre,,
22010,2014-04-13 00:00,Todas,2ª série Regular,2CH - Teste Mat2 Fis2 Geo2 L.Est 1º Bimestre,1° Bimestre,,
22011,2014-04-13 00:00,Todas,2ª série Regular,2CH - Teste Qui2 Hist2 Bio2 Literatura 1º Bimestre,1° Bimestre,,
22011,2014-04-13 00:00,Todas,2ª série PISM,2CH - Teste Qui2 Hist2 Bio2 Literatura 1º Bimestre,1° Bimestre,,
22910,2014-04-13 00:00,Todas,2ª série Regular,2CH - Teste Mat2 Fis2 Geo2 L.Est 1º Bimestre,1° Bimestre,,
22910,2014-04-13 00:00,Todas,2ª série PISM,2CH - Teste Mat2 Fis2 Geo2 L.Est 1º Bimestre,1° Bimestre,,
26011,2014-04-13 00:00,Todas,2ª série Militar,Simulado IME-Línguas Ciclo 1,1° Bimestre,,
11211,2014-04-15 00:00,Todas,EF 1º ano,Provas A,1° Bimestre,,
12211,2014-04-15 00:00,Todas,EF 2º ano,Provas A,1° Bimestre,,
13211,2014-04-15 00:00,Todas,EF 3º ano,Provas A,1° Bimestre,,
14211,2014-04-15 00:00,Todas,EF 4º ano,Provas A,1° Bimestre,,
15211,2014-04-15 00:00,Todas,EF 5º ano,Provas A,1° Bimestre,,
19019,2014-04-15 00:00,Todas,EF 9º ano,Prova Álgebra 1º Bimestre,1° Bimestre,,
19020,2014-04-15 00:00,Todas,EF 9º ano,Prova Geometria 1º Bimestre,1° Bimestre,,
21016,2014-04-15 00:00,Todas,1ª série Regular,Prova Matemática 1 1º Bimestre,1° Bimestre,,
21016,2014-04-15 00:00,Todas,1ª série PISM,Prova Matemática 1 1º Bimestre,1° Bimestre,,
21017,2014-04-15 00:00,Todas,1ª série Regular,Prova Matemática 2 1º Bimestre,1° Bimestre,,
21017,2014-04-15 00:00,Todas,1ª série PISM,Prova Matemática 2 1º Bimestre,1° Bimestre,,
21029,2014-04-15 00:00,Todas,1ª série Regular,Prova Redação 1º Bimestre,1° Bimestre,,
21029,2014-04-15 00:00,Todas,1ª série PISM,Prova Redação 1º Bimestre,1° Bimestre,,
21033,2014-04-15 00:00,Todas,1ª série Regular,Prova Filosofia 1º Bimestre,1° Bimestre,,
21033,2014-04-15 00:00,Todas,1ª série PISM,Prova Filosofia 1º Bimestre,1° Bimestre,,
21399,2014-04-15 00:00,Todas,1ª série Regular,Nota de Educação Física - 1º Bimestre,1° Bimestre,,
21399,2014-04-15 00:00,Todas,1ª série PISM,Nota de Educação Física - 1º Bimestre,1° Bimestre,,
22016,2014-04-15 00:00,Todas,2ª série Regular,Prova Matemática 1 1º Bimestre,1° Bimestre,,
22016,2014-04-15 00:00,Todas,2ª série PISM,Prova Matemática 1 1º Bimestre,1° Bimestre,,
22017,2014-04-15 00:00,Todas,2ª série Regular,Prova Matemática 2 1º Bimestre,1° Bimestre,,
22017,2014-04-15 00:00,Todas,2ª série PISM,Prova Matemática 2 1º Bimestre,1° Bimestre,,
22029,2014-04-15 00:00,Todas,2ª série Regular,Prova Redação 1º Bimestre,1° Bimestre,,
22029,2014-04-15 00:00,Todas,2ª série PISM,Prova Redação 1º Bimestre,1° Bimestre,,
22033,2014-04-15 00:00,Todas,2ª série Regular,Prova Filosofia 1º Bimestre,1° Bimestre,,
22033,2014-04-15 00:00,Todas,2ª série PISM,Prova Filosofia 1º Bimestre,1° Bimestre,,
22399,2014-04-15 00:00,Todas,2ª série Regular,Nota de Educação Física - 1º Bimestre,1° Bimestre,,
22399,2014-04-15 00:00,Todas,2ª série PISM,Nota de Educação Física - 1º Bimestre,1° Bimestre,,
26012,2014-04-15 00:00,Todas,2ª série Militar,Prova 1º Bimestre - Matemática I,1° Bimestre,,
26013,2014-04-15 00:00,Todas,2ª série Militar,Prova 1º Bimestre - Matemática II,1° Bimestre,,
26014,2014-04-15 00:00,Todas,2ª série Militar,Prova 1º Bimestre - Matemática III,1° Bimestre,,
16019,2014-04-16 00:00,Todas,EF 6º ano,Prova Matemática 1º Bimestre,1° Bimestre,,
16022,2014-04-16 00:00,Todas,EF 6º ano,Prova Redação 1º Bimestre,1° Bimestre,,
16399,2014-04-16 00:00,Todas,EF 6º ano,Nota de Educação Física - 1º Bimestre,1° Bimestre,,
17019,2014-04-16 00:00,Todas,EF 7º ano,Prova Matemática 1º Bimestre,1° Bimestre,,
17021,2014-04-16 00:00,Todas,EF 7º ano,Prova Desenho 1º Bimestre,1° Bimestre,,
17022,2014-04-16 00:00,Todas,EF 7º ano,Prova Redação 1º Bimestre,1° Bimestre,,
17398,2014-04-16 00:00,Todas,EF 7º ano,Nota de Artes - 1º Bimestre,1° Bimestre,,
17399,2014-04-16 00:00,Todas,EF 7º ano,Nota de Educação Física - 1º Bimestre,1° Bimestre,,
18021,2014-04-16 00:00,Todas,EF 8º ano,Prova Álgebra 1º Bimestre,1° Bimestre,,
18022,2014-04-16 00:00,Todas,EF 8º ano,Prova Geometria 1º Bimestre,1° Bimestre,,
18024,2014-04-16 00:00,Todas,EF 8º ano,Prova Redação 1º Bimestre,1° Bimestre,,
18025,2014-04-16 00:00,Todas,EF 8º ano,Prova Desenho 1º Bimestre,1° Bimestre,,
18398,2014-04-16 00:00,Todas,EF 8º ano,Nota de Artes - 1º Bimestre,1° Bimestre,,
18399,2014-04-16 00:00,Todas,EF 8º ano,Nota de Educação Física - 1º Bimestre,1° Bimestre,,
19021,2014-04-16 00:00,Todas,EF 9º ano,Prova Física 1º Bimestre,1° Bimestre,,
19022,2014-04-16 00:00,Todas,EF 9º ano,Prova Português 1º Bimestre,1° Bimestre,,
19399,2014-04-16 00:00,Todas,EF 9º ano,Nota de Educação Física - 1º Bimestre,1° Bimestre,,
21020,2014-04-16 00:00,Todas,1ª série PISM,Prova Química 1 1º Bimestre,1° Bimestre,,
21020,2014-04-16 00:00,Todas,1ª série Regular,Prova Química 1 1º Bimestre,1° Bimestre,,
21021,2014-04-16 00:00,Todas,1ª série Regular,Prova Química 2 1º Bimestre,1° Bimestre,,
21021,2014-04-16 00:00,Todas,1ª série PISM,Prova Química 2 1º Bimestre,1° Bimestre,,
21031,2014-04-16 00:00,Todas,1ª série Regular,Prova Inglês 1º Bimestre,1° Bimestre,,
21031,2014-04-16 00:00,Todas,1ª série PISM,Prova Inglês 1º Bimestre,1° Bimestre,,
21032,2014-04-16 00:00,Todas,1ª série Regular,Prova Espanhol 1º Bimestre,1° Bimestre,,
21032,2014-04-16 00:00,Todas,1ª série PISM,Prova Espanhol 1º Bimestre,1° Bimestre,,
21034,2014-04-16 00:00,Todas,1ª série Regular,Prova Sociologia 1º Bimestre,1° Bimestre,,
21034,2014-04-16 00:00,Todas,1ª série PISM,Prova Sociologia 1º Bimestre,1° Bimestre,,
22020,2014-04-16 00:00,Todas,2ª série Regular,Prova Química 1 1º Bimestre,1° Bimestre,,
22020,2014-04-16 00:00,Todas,2ª série PISM,Prova Química 1 1º Bimestre,1° Bimestre,,
22021,2014-04-16 00:00,Todas,2ª série Regular,Prova Química 2 1º Bimestre,1° Bimestre,,
22021,2014-04-16 00:00,Todas,2ª série PISM,Prova Química 2 1º Bimestre,1° Bimestre,,
22031,2014-04-16 00:00,Todas,2ª série Regular,Prova Inglês 1º Bimestre,1° Bimestre,,
22031,2014-04-16 00:00,Todas,2ª série PISM,Prova Inglês 1º Bimestre,1° Bimestre,,
22032,2014-04-16 00:00,Todas,2ª série Regular,Prova Espanhol 1º Bimestre,1° Bimestre,,
22032,2014-04-16 00:00,Todas,2ª série PISM,Prova Espanhol 1º Bimestre,1° Bimestre,,
22034,2014-04-16 00:00,Todas,2ª série PISM,Prova Sociologia 1º Bimestre,1° Bimestre,,
22034,2014-04-16 00:00,Todas,2ª série Regular,Prova Sociologia 1º Bimestre,1° Bimestre,,
26015,2014-04-16 00:00,Todas,2ª série Militar,Prova 1º Bimestre - Física I,1° Bimestre,,
26016,2014-04-16 00:00,Todas,2ª série Militar,Prova 1º Bimestre - Física II,1° Bimestre,,
11212,2014-04-17 00:00,Todas,EF 1º ano,Provas A,1° Bimestre,,
12212,2014-04-17 00:00,Todas,EF 2º ano,Provas A,1° Bimestre,,
13212,2014-04-17 00:00,Todas,EF 3º ano,Provas A,1° Bimestre,,
14212,2014-04-17 00:00,Todas,EF 4º ano,Provas A,1° Bimestre,,
15212,2014-04-17 00:00,Todas,EF 5º ano,Provas A,1° Bimestre,,
16024,2014-04-17 00:00,Todas,EF 6º ano,Prova Geografia 1º Bimestre,1° Bimestre,,
16025,2014-04-17 00:00,Todas,EF 6º ano,Prova Inglês 1º Bimestre,1° Bimestre,,
17024,2014-04-17 00:00,Todas,EF 7º ano,Prova Geografia 1º Bimestre,1° Bimestre,,
17025,2014-04-17 00:00,Todas,EF 7º ano,Prova Inglês 1º Bimestre,1° Bimestre,,
18026,2014-04-17 00:00,Todas,EF 8º ano,Prova Geografia 1º Bimestre,1° Bimestre,,
18027,2014-04-17 00:00,Todas,EF 8º ano,Prova Inglês 1º Bimestre,1° Bimestre,,
19023,2014-04-17 00:00,Todas,EF 9º ano,Prova Química 1º Bimestre,1° Bimestre,,
19024,2014-04-17 00:00,Todas,EF 9º ano,Prova Inglês 1º Bimestre,1° Bimestre,,
21024,2014-04-17 00:00,Todas,1ª série Regular,Prova Geografia 1 1º Bimestre,1° Bimestre,,
21024,2014-04-17 00:00,Todas,1ª série PISM,Prova Geografia 1 1º Bimestre,1° Bimestre,,
21025,2014-04-17 00:00,Todas,1ª série Regular,Prova Geografia 2 1º Bimestre,1° Bimestre,,
21025,2014-04-17 00:00,Todas,1ª série PISM,Prova Geografia 2 1º Bimestre,1° Bimestre,,
21026,2014-04-17 00:00,Todas,1ª série Regular,Prova Biologia 1 1º Bimestre,1° Bimestre,,
21026,2014-04-17 00:00,Todas,1ª série PISM,Prova Biologia 1 1º Bimestre,1° Bimestre,,
21027,2014-04-17 00:00,Todas,1ª série Regular,Prova Biologia 2 1º Bimestre,1° Bimestre,,
21027,2014-04-17 00:00,Todas,1ª série PISM,Prova Biologia 2 1º Bimestre,1° Bimestre,,
22024,2014-04-17 00:00,Todas,2ª série Regular,Prova Geografia 1 1º Bimestre,1° Bimestre,,
22024,2014-04-17 00:00,Todas,2ª série PISM,Prova Geografia 1 1º Bimestre,1° Bimestre,,
22025,2014-04-17 00:00,Todas,2ª série Regular,Prova Geografia 2 1º Bimestre,1° Bimestre,,
22025,2014-04-17 00:00,Todas,2ª série PISM,Prova Geografia 2 1º Bimestre,1° Bimestre,,
22026,2014-04-17 00:00,Todas,2ª série PISM,Prova Biologia 1 1º Bimestre,1° Bimestre,,
22026,2014-04-17 00:00,Todas,2ª série Regular,Prova Biologia 1 1º Bimestre,1° Bimestre,,
22027,2014-04-17 00:00,Todas,2ª série Regular,Prova Biologia 2 1º Bimestre,1° Bimestre,,
22027,2014-04-17 00:00,Todas,2ª série PISM,Prova Biologia 2 1º Bimestre,1° Bimestre,,
26017,2014-04-17 00:00,Todas,2ª série Militar,Prova 1º Bimestre - Química I,1° Bimestre,,
26018,2014-04-17 00:00,Todas,2ª série Militar,Prova 1º Bimestre - Química II,1° Bimestre,,
26019,2014-04-17 00:00,Todas,2ª série Militar,Prova 1º Bimestre - Biologia,1° Bimestre,,
16021,2014-04-18 00:00,Todas,EF 6º ano,Prova Artes 1º Bimestre,1° Bimestre,,
16026,2014-04-18 00:00,Todas,EF 6º ano,Prova História 1º Bimestre,1° Bimestre,,
16027,2014-04-18 00:00,Todas,EF 6º ano,Prova Espanhol 1º Bimestre,1° Bimestre,,
17026,2014-04-18 00:00,Todas,EF 7º ano,Prova História 1º Bimestre,1° Bimestre,,
17027,2014-04-18 00:00,Todas,EF 7º ano,Prova Espanhol 1º Bimestre,1° Bimestre,,
18028,2014-04-18 00:00,Todas,EF 8º ano,Prova História 1º Bimestre,1° Bimestre,,
18029,2014-04-18 00:00,Todas,EF 8º ano,Prova Espanhol 1º Bimestre,1° Bimestre,,
19025,2014-04-18 00:00,Todas,EF 9º ano,Prova História 1º Bimestre,1° Bimestre,,
19026,2014-04-18 00:00,Todas,EF 9º ano,Prova Espanhol 1º Bimestre,1° Bimestre,,
19027,2014-04-18 00:00,Todas,EF 9º ano,Prova Artes 1º Bimestre,1° Bimestre,,
21018,2014-04-18 00:00,Todas,1ª série Regular,Prova Física 1 1º Bimestre,1° Bimestre,,
21018,2014-04-18 00:00,Todas,1ª série PISM,Prova Física 1 1º Bimestre,1° Bimestre,,
21019,2014-04-18 00:00,Todas,1ª série Regular,Prova Física 2 1º Bimestre,1° Bimestre,,
21019,2014-04-18 00:00,Todas,1ª série PISM,Prova Física 2 1º Bimestre,1° Bimestre,,
21030,2014-04-18 00:00,Todas,1ª série Regular,Prova Literatura 1º Bimestre,1° Bimestre,,
21030,2014-04-18 00:00,Todas,1ª série PISM,Prova Literatura 1º Bimestre,1° Bimestre,,
21035,2014-04-18 00:00,Todas,1ª série Regular,Prova Artes 1º Bimestre,1° Bimestre,,
21035,2014-04-18 00:00,Todas,1ª série PISM,Prova Artes 1º Bimestre,1° Bimestre,,
22018,2014-04-18 00:00,Todas,2ª série PISM,Prova Física 1 1º Bimestre,1° Bimestre,,
22018,2014-04-18 00:00,Todas,2ª série Regular,Prova Física 1 1º Bimestre,1° Bimestre,,
22019,2014-04-18 00:00,Todas,2ª série Regular,Prova Física 2 1º Bimestre,1° Bimestre,,
22019,2014-04-18 00:00,Todas,2ª série PISM,Prova Física 2 1º Bimestre,1° Bimestre,,
22030,2014-04-18 00:00,Todas,2ª série Regular,Prova Literatura 1º Bimestre,1° Bimestre,,
22030,2014-04-18 00:00,Todas,2ª série PISM,Prova Literatura 1º Bimestre,1° Bimestre,,
22035,2014-04-18 00:00,Todas,2ª série Regular,Prova Artes 1º Bimestre,1° Bimestre,,
22035,2014-04-18 00:00,Todas,2ª série PISM,Prova Artes 1º Bimestre,1° Bimestre,,
26020,2014-04-18 00:00,Todas,2ª série Militar,Prova 1º Bimestre - Português,1° Bimestre,,
26021,2014-04-18 00:00,Todas,2ª série Militar,Prova 1º Bimestre - Literatura,1° Bimestre,,
26022,2014-04-18 00:00,Todas,2ª série Militar,Prova 1º Bimestre - Redação,1° Bimestre,,
26023,2014-04-18 00:00,Todas,2ª série Militar,Prova 1º Bimestre - Inglês,1° Bimestre,,
16020,2014-04-19 00:00,Todas,EF 6º ano,Prova Português 1º Bimestre,1° Bimestre,,
16023,2014-04-19 00:00,Todas,EF 6º ano,Prova Ciências 1º Bimestre,1° Bimestre,,
17020,2014-04-19 00:00,Todas,EF 7º ano,Prova Português 1º Bimestre,1° Bimestre,,
17023,2014-04-19 00:00,Todas,EF 7º ano,Prova Ciências 1º Bimestre,1° Bimestre,,
18023,2014-04-19 00:00,Todas,EF 8º ano,Prova Português 1º Bimestre,1° Bimestre,,
18030,2014-04-19 00:00,Todas,EF 8º ano,Prova Ciências 1º Bimestre ,1° Bimestre,,
19028,2014-04-19 00:00,Todas,EF 9º ano,Prova Biologia 1º Bimestre ,1° Bimestre,,
19029,2014-04-19 00:00,Todas,EF 9º ano,Prova Redação 1º Bimestre,1° Bimestre,,
19030,2014-04-19 00:00,Todas,EF 9º ano,Prova Geografia 1º Bimestre ,1° Bimestre,,
21022,2014-04-19 00:00,Todas,1ª série Regular,Prova História 1 1º Bimestre,1° Bimestre,,
21022,2014-04-19 00:00,Todas,1ª série PISM,Prova História 1 1º Bimestre,1° Bimestre,,
21023,2014-04-19 00:00,Todas,1ª série Regular,Prova História 2 1º Bimestre,1° Bimestre,,
21023,2014-04-19 00:00,Todas,1ª série PISM,Prova História 2 1º Bimestre,1° Bimestre,,
21028,2014-04-19 00:00,Todas,1ª série PISM,Prova Português 1º Bimestre,1° Bimestre,,
21028,2014-04-19 00:00,Todas,1ª série Regular,Prova Português 1º Bimestre,1° Bimestre,,
22022,2014-04-19 00:00,Todas,2ª série Regular,Prova História 1 1º Bimestre,1° Bimestre,,
22022,2014-04-19 00:00,Todas,2ª série PISM,Prova História 1 1º Bimestre,1° Bimestre,,
22023,2014-04-19 00:00,Todas,2ª série Regular,Prova História 2 1º Bimestre,1° Bimestre,,
22023,2014-04-19 00:00,Todas,2ª série PISM,Prova História 2 1º Bimestre,1° Bimestre,,
22028,2014-04-19 00:00,Todas,2ª série Regular,Prova Português 1º Bimestre,1° Bimestre,,
22028,2014-04-19 00:00,Todas,2ª série PISM,Prova Português 1º Bimestre,1° Bimestre,,
26024,2014-04-19 00:00,Todas,2ª série Militar,Prova 1º Bimestre - História I,1° Bimestre,,
26025,2014-04-19 00:00,Todas,2ª série Militar,Prova 1º Bimestre - História II,1° Bimestre,,
26026,2014-04-19 00:00,Todas,2ª série Militar,Prova 1º Bimestre - Geografia I,1° Bimestre,,
26027,2014-04-19 00:00,Todas,2ª série Militar,Prova 1º Bimestre - Geografia II,1° Bimestre,,
31019,2014-04-20 00:00,Todas,Medicina,Bônus 2º Simulado,1° Bimestre,,
31019,2014-04-20 00:00,Todas,Projeto UERJ,Bônus 2º Simulado,1° Bimestre,,
31019,2014-04-20 00:00,Todas,Projeto ENEM,Bônus 2º Simulado,1° Bimestre,,
31019,2014-04-20 00:00,Todas,Pré-vestibular,Bônus 2º Simulado,1° Bimestre,,
31020,2014-04-20 00:00,Todas,Pré-vestibular,TD,1° Bimestre,,
31020,2014-04-20 00:00,Todas,Medicina,TD,1° Bimestre,,
31020,2014-04-20 00:00,Todas,Projeto UERJ,TD,1° Bimestre,,
31020,2014-04-20 00:00,Todas,Projeto ENEM,TD,1° Bimestre,,
31505,2014-04-20 00:00,Todas,Pré-vestibular,2º Minissimulado ENEM,1° Bimestre,,
31505,2014-04-20 00:00,Todas,Projeto UERJ,2º Minissimulado ENEM,1° Bimestre,,
31505,2014-04-20 00:00,Todas,Medicina,2º Minissimulado ENEM,1° Bimestre,,
31505,2014-04-20 00:00,Todas,Projeto ENEM,2º Minissimulado ENEM,1° Bimestre,,
31605,2014-04-20 00:00,Todas,Pré-vestibular,2º Minissimulado ENEM,1° Bimestre,,
31605,2014-04-20 00:00,Todas,Projeto UERJ,2º Minissimulado ENEM,1° Bimestre,,
31605,2014-04-20 00:00,Todas,Medicina,2º Minissimulado ENEM,1° Bimestre,,
31605,2014-04-20 00:00,Todas,Projeto ENEM,2º Minissimulado ENEM,1° Bimestre,,
26028,2014-04-21 00:00,Todas,2ª série Militar,2CH - Prova 1º Bimestre - Matemática I,1° Bimestre,,
26029,2014-04-21 00:00,Todas,2ª série Militar,2CH - Prova 1º Bimestre - Matemática II,1° Bimestre,,
26030,2014-04-21 00:00,Todas,2ª série Militar,2CH - Prova 1º Bimestre - Matemática III,1° Bimestre,,
11213,2014-04-22 00:00,Todas,EF 1º ano,Provas A,1° Bimestre,,
12213,2014-04-22 00:00,Todas,EF 2º ano,Provas A,1° Bimestre,,
13213,2014-04-22 00:00,Todas,EF 3º ano,Provas A,1° Bimestre,,
14213,2014-04-22 00:00,Todas,EF 4º ano,Provas A,1° Bimestre,,
15213,2014-04-22 00:00,Todas,EF 5º ano,Provas A,1° Bimestre,,
16028,2014-04-22 00:00,Todas,EF 6º ano,2CH - Prova Matemática 1º Bimestre ,1° Bimestre,,
16031,2014-04-22 00:00,Todas,EF 6º ano,2CH - Prova Redação 1º Bimestre,1° Bimestre,,
17028,2014-04-22 00:00,Todas,EF 7º ano,2CH - Prova Matemática 1º Bimestre ,1° Bimestre,,
17031,2014-04-22 00:00,Todas,EF 7º ano,2CH - Prova Redação 1º Bimestre,1° Bimestre,,
18031,2014-04-22 00:00,Todas,EF 8º ano,2CH - Prova Álgebra 1º Bimestre,1° Bimestre,,
18032,2014-04-22 00:00,Todas,EF 8º ano,2CH - Prova Geometria 1º Bimestre,1° Bimestre,,
18034,2014-04-22 00:00,Todas,EF 8º ano,2CH - Prova Redação 1º Bimestre,1° Bimestre,,
18035,2014-04-22 00:00,Todas,EF 8º ano,2CH - Prova Desenho 1º Bimestre,1° Bimestre,,
19031,2014-04-22 00:00,Todas,EF 9º ano,2CH - Prova Álgebra 1º Bimestre,1° Bimestre,,
19032,2014-04-22 00:00,Todas,EF 9º ano,2CH - Prova Geometria 1º Bimestre,1° Bimestre,,
21036,2014-04-22 00:00,Todas,1ª série PISM,2CH - Prova Matemática 1 1º Bimestre,1° Bimestre,,
21036,2014-04-22 00:00,Todas,1ª série Regular,2CH - Prova Matemática 1 1º Bimestre,1° Bimestre,,
21037,2014-04-22 00:00,Todas,1ª série Regular,2CH - Prova Matemática 2 1º Bimestre,1° Bimestre,,
21037,2014-04-22 00:00,Todas,1ª série PISM,2CH - Prova Matemática 2 1º Bimestre,1° Bimestre,,
21049,2014-04-22 00:00,Todas,1ª série Regular,2CH - Prova Redação 1º Bimestre,1° Bimestre,,
21049,2014-04-22 00:00,Todas,1ª série PISM,2CH - Prova Redação 1º Bimestre,1° Bimestre,,
21053,2014-04-22 00:00,Todas,1ª série Regular,2CH - Prova Filosofia 1º Bimestre,1° Bimestre,,
21053,2014-04-22 00:00,Todas,1ª série PISM,2CH - Prova Filosofia 1º Bimestre,1° Bimestre,,
22036,2014-04-22 00:00,Todas,2ª série Regular,2CH - Prova Matemática 1 1º Bimestre,1° Bimestre,,
22036,2014-04-22 00:00,Todas,2ª série PISM,2CH - Prova Matemática 1 1º Bimestre,1° Bimestre,,
22037,2014-04-22 00:00,Todas,2ª série Regular,2CH - Prova Matemática 2 1º Bimestre,1° Bimestre,,
22037,2014-04-22 00:00,Todas,2ª série PISM,2CH - Prova Matemática 2 1º Bimestre,1° Bimestre,,
22049,2014-04-22 00:00,Todas,2ª série Regular,2CH - Prova Redação 1º Bimestre,1° Bimestre,,
22049,2014-04-22 00:00,Todas,2ª série PISM,2CH - Prova Redação 1º Bimestre,1° Bimestre,,
22053,2014-04-22 00:00,Todas,2ª série Regular,2CH - Prova Filosofia 1º Bimestre,1° Bimestre,,
22053,2014-04-22 00:00,Todas,2ª série PISM,2CH - Prova Filosofia 1º Bimestre,1° Bimestre,,
26031,2014-04-22 00:00,Todas,2ª série Militar,2CH - Prova 1º Bimestre - Física I,1° Bimestre,,
26032,2014-04-22 00:00,Todas,2ª série Militar,2CH - Prova 1º Bimestre - Física II,1° Bimestre,,
26033,2014-04-23 00:00,Todas,2ª série Militar,2CH - Prova 1º Bimestre - Química I,1° Bimestre,,
26034,2014-04-23 00:00,Todas,2ª série Militar,2CH - Prova 1º Bimestre - Química II,1° Bimestre,,
26035,2014-04-23 00:00,Todas,2ª série Militar,2CH - Prova 1º Bimestre - Biologia,1° Bimestre,,
11214,2014-04-24 00:00,Todas,EF 1º ano,Provas A,1° Bimestre,,
12214,2014-04-24 00:00,Todas,EF 2º ano,Provas A,1° Bimestre,,
13214,2014-04-24 00:00,Todas,EF 3º ano,Provas A,1° Bimestre,,
14214,2014-04-24 00:00,Todas,EF 4º ano,Provas A,1° Bimestre,,
15214,2014-04-24 00:00,Todas,EF 5º ano,Provas A,1° Bimestre,,
16033,2014-04-24 00:00,Todas,EF 6º ano,2CH - Prova Geografia 1º Bimestre,1° Bimestre,,
16034,2014-04-24 00:00,Todas,EF 6º ano,2CH - Prova Inglês 1º Bimestre,1° Bimestre,,
17033,2014-04-24 00:00,Todas,EF 7º ano,2CH - Prova Geografia 1º Bimestre,1° Bimestre,,
17034,2014-04-24 00:00,Todas,EF 7º ano,2CH - Prova Inglês 1º Bimestre,1° Bimestre,,
18036,2014-04-24 00:00,Todas,EF 8º ano,2CH - Prova Geografia 1º Bimestre,1° Bimestre,,
18037,2014-04-24 00:00,Todas,EF 8º ano,2CH - Prova Inglês 1º Bimestre,1° Bimestre,,
19033,2014-04-24 00:00,Todas,EF 9º ano,2CH - Prova Física 1º Bimestre,1° Bimestre,,
19034,2014-04-24 00:00,Todas,EF 9º ano,2CH - Prova Português 1º Bimestre,1° Bimestre,,
21040,2014-04-24 00:00,Todas,1ª série Regular,2CH - Prova Química 1 1º Bimestre,1° Bimestre,,
21040,2014-04-24 00:00,Todas,1ª série PISM,2CH - Prova Química 1 1º Bimestre,1° Bimestre,,
21041,2014-04-24 00:00,Todas,1ª série Regular,2CH - Prova Química 2 1º Bimestre,1° Bimestre,,
21041,2014-04-24 00:00,Todas,1ª série PISM,2CH - Prova Química 2 1º Bimestre,1° Bimestre,,
21051,2014-04-24 00:00,Todas,1ª série Regular,2CH - Prova Inglês 1º Bimestre,1° Bimestre,,
21051,2014-04-24 00:00,Todas,1ª série PISM,2CH - Prova Inglês 1º Bimestre,1° Bimestre,,
21052,2014-04-24 00:00,Todas,1ª série PISM,2CH - Prova Espanhol 1º Bimestre,1° Bimestre,,
21052,2014-04-24 00:00,Todas,1ª série Regular,2CH - Prova Espanhol 1º Bimestre,1° Bimestre,,
21054,2014-04-24 00:00,Todas,1ª série Regular,2CH - Prova Sociologia 1º Bimestre,1° Bimestre,,
21054,2014-04-24 00:00,Todas,1ª série PISM,2CH - Prova Sociologia 1º Bimestre,1° Bimestre,,
22040,2014-04-24 00:00,Todas,2ª série Regular,2CH - Prova Química 1 1º Bimestre,1° Bimestre,,
22040,2014-04-24 00:00,Todas,2ª série PISM,2CH - Prova Química 1 1º Bimestre,1° Bimestre,,
22041,2014-04-24 00:00,Todas,2ª série Regular,2CH - Prova Química 2 1º Bimestre,1° Bimestre,,
22041,2014-04-24 00:00,Todas,2ª série PISM,2CH - Prova Química 2 1º Bimestre,1° Bimestre,,
22051,2014-04-24 00:00,Todas,2ª série Regular,2CH - Prova Inglês 1º Bimestre,1° Bimestre,,
22051,2014-04-24 00:00,Todas,2ª série PISM,2CH - Prova Inglês 1º Bimestre,1° Bimestre,,
22052,2014-04-24 00:00,Todas,2ª série Regular,2CH - Prova Espanhol 1º Bimestre,1° Bimestre,,
22052,2014-04-24 00:00,Todas,2ª série PISM,2CH - Prova Espanhol 1º Bimestre,1° Bimestre,,
22054,2014-04-24 00:00,Todas,2ª série Regular,2CH - Prova Sociologia 1º Bimestre,1° Bimestre,,
22054,2014-04-24 00:00,Todas,2ª série PISM,2CH - Prova Sociologia 1º Bimestre,1° Bimestre,,
26036,2014-04-24 00:00,Todas,2ª série Militar,2CH - Prova 1º Bimestre - Português,1° Bimestre,,
26037,2014-04-24 00:00,Todas,2ª série Militar,2CH - Prova 1º Bimestre - Literatura,1° Bimestre,,
26038,2014-04-24 00:00,Todas,2ª série Militar,2CH - Prova 1º Bimestre - Redação,1° Bimestre,,
26039,2014-04-24 00:00,Todas,2ª série Militar,2CH - Prova 1º Bimestre - Inglês,1° Bimestre,,
16030,2014-04-25 00:00,Todas,EF 6º ano,2CH - Prova Artes 1º Bimestre,1° Bimestre,,
16035,2014-04-25 00:00,Todas,EF 6º ano,2CH - Prova História 1º Bimestre,1° Bimestre,,
16036,2014-04-25 00:00,Todas,EF 6º ano,2CH - Prova Espanhol 1º Bimestre,1° Bimestre,,
17030,2014-04-25 00:00,Todas,EF 7º ano,2CH - Prova Desenho 1º Bimestre,1° Bimestre,,
17035,2014-04-25 00:00,Todas,EF 7º ano,2CH - Prova História 1º Bimestre,1° Bimestre,,
17036,2014-04-25 00:00,Todas,EF 7º ano,2CH - Prova Espanhol 1º Bimestre,1° Bimestre,,
18038,2014-04-25 00:00,Todas,EF 8º ano,2CH - Prova História 1º Bimestre,1° Bimestre,,
18039,2014-04-25 00:00,Todas,EF 8º ano,2CH - Prova Espanhol 1º Bimestre,1° Bimestre,,
19035,2014-04-25 00:00,Todas,EF 9º ano,2CH - Prova Química 1º Bimestre,1° Bimestre,,
19036,2014-04-25 00:00,Todas,EF 9º ano,2CH - Prova Inglês 1º Bimestre,1° Bimestre,,
19037,2014-04-25 00:00,Todas,EF 9º ano,2CH - Prova História 1º Bimestre,1° Bimestre,,
19100,2014-04-25 00:00,Todas,EF 9º ano,Teste Diferenciado 1,1° Bimestre,,
21044,2014-04-25 00:00,Todas,1ª série PISM,2CH - Prova Geografia 1 1º Bimestre,1° Bimestre,,
21044,2014-04-25 00:00,Todas,1ª série Regular,2CH - Prova Geografia 1 1º Bimestre,1° Bimestre,,
21045,2014-04-25 00:00,Todas,1ª série Regular,2CH - Prova Geografia 2 1º Bimestre,1° Bimestre,,
21045,2014-04-25 00:00,Todas,1ª série PISM,2CH - Prova Geografia 2 1º Bimestre,1° Bimestre,,
21046,2014-04-25 00:00,Todas,1ª série Regular,2CH - Prova Biologia 1 1º Bimestre,1° Bimestre,,
21046,2014-04-25 00:00,Todas,1ª série PISM,2CH - Prova Biologia 1 1º Bimestre,1° Bimestre,,
21047,2014-04-25 00:00,Todas,1ª série Regular,2CH - Prova Biologia 2 1º Bimestre,1° Bimestre,,
21047,2014-04-25 00:00,Todas,1ª série PISM,2CH - Prova Biologia 2 1º Bimestre,1° Bimestre,,
22044,2014-04-25 00:00,Todas,2ª série Regular,2CH - Prova Geografia 1 1º Bimestre,1° Bimestre,,
22044,2014-04-25 00:00,Todas,2ª série PISM,2CH - Prova Geografia 1 1º Bimestre,1° Bimestre,,
22045,2014-04-25 00:00,Todas,2ª série Regular,2CH - Prova Geografia 2 1º Bimestre,1° Bimestre,,
22045,2014-04-25 00:00,Todas,2ª série PISM,2CH - Prova Geografia 2 1º Bimestre,1° Bimestre,,
22046,2014-04-25 00:00,Todas,2ª série Regular,2CH - Prova Biologia 1 1º Bimestre,1° Bimestre,,
22046,2014-04-25 00:00,Todas,2ª série PISM,2CH - Prova Biologia 1 1º Bimestre,1° Bimestre,,
22047,2014-04-25 00:00,Todas,2ª série Regular,2CH - Prova Biologia 2 1º Bimestre,1° Bimestre,,
22047,2014-04-25 00:00,Todas,2ª série PISM,2CH - Prova Biologia 2 1º Bimestre,1° Bimestre,,
26040,2014-04-25 00:00,Todas,2ª série Militar,2CH - Prova 1º Bimestre - História I,1° Bimestre,,
26041,2014-04-25 00:00,Todas,2ª série Militar,2CH - Prova 1º Bimestre - História II,1° Bimestre,,
26042,2014-04-25 00:00,Todas,2ª série Militar,2CH - Prova 1º Bimestre - Geografia I,1° Bimestre,,
26043,2014-04-25 00:00,Todas,2ª série Militar,2CH - Prova 1º Bimestre - Geografia II,1° Bimestre,,
11215,2014-04-26 00:00,Todas,EF 1º ano,Provas A,1° Bimestre,,
12215,2014-04-26 00:00,Todas,EF 2º ano,Provas A,1° Bimestre,,
13215,2014-04-26 00:00,Todas,EF 3º ano,Provas A,1° Bimestre,,
14215,2014-04-26 00:00,Todas,EF 4º ano,Provas A,1° Bimestre,,
15215,2014-04-26 00:00,Todas,EF 5º ano,Provas A,1° Bimestre,,
16029,2014-04-26 00:00,Todas,EF 6º ano,2CH - Prova Português 1º Bimestre,1° Bimestre,,
16032,2014-04-26 00:00,Todas,EF 6º ano,2CH - Prova Ciências 1º Bimestre,1° Bimestre,,
17029,2014-04-26 00:00,Todas,EF 7º ano,2CH - Prova Português 1º Bimestre,1° Bimestre,,
17032,2014-04-26 00:00,Todas,EF 7º ano,2CH - Prova Ciências 1º Bimestre,1° Bimestre,,
18033,2014-04-26 00:00,Todas,EF 8º ano,2CH - Prova Português 1º Bimestre,1° Bimestre,,
18040,2014-04-26 00:00,Todas,EF 8º ano,2CH - Prova Ciências 1º Bimestre,1° Bimestre,,
19038,2014-04-26 00:00,Todas,EF 9º ano,2CH - Prova Espanhol 1º Bimestre,1° Bimestre,,
19039,2014-04-26 00:00,Todas,EF 9º ano,2CH - Prova Artes 1º Bimestre,1° Bimestre,,
21038,2014-04-26 00:00,Todas,1ª série Regular,2CH - Prova Física 1 1º Bimestre,1° Bimestre,,
21038,2014-04-26 00:00,Todas,1ª série PISM,2CH - Prova Física 1 1º Bimestre,1° Bimestre,,
21039,2014-04-26 00:00,Todas,1ª série Regular,2CH - Prova Física 2 1º Bimestre,1° Bimestre,,
21039,2014-04-26 00:00,Todas,1ª série PISM,2CH - Prova Física 2 1º Bimestre,1° Bimestre,,
21042,2014-04-26 00:00,Todas,1ª série Regular,2CH - Prova História 1 1º Bimestre,1° Bimestre,,
21042,2014-04-26 00:00,Todas,1ª série PISM,2CH - Prova História 1 1º Bimestre,1° Bimestre,,
21043,2014-04-26 00:00,Todas,1ª série Regular,2CH - Prova História 2 1º Bimestre,1° Bimestre,,
21043,2014-04-26 00:00,Todas,1ª série PISM,2CH - Prova História 2 1º Bimestre,1° Bimestre,,
21048,2014-04-26 00:00,Todas,1ª série Regular,2CH - Prova Português 1º Bimestre,1° Bimestre,,
21048,2014-04-26 00:00,Todas,1ª série PISM,2CH - Prova Português 1º Bimestre,1° Bimestre,,
21050,2014-04-26 00:00,Todas,1ª série Regular,2CH - Prova Literatura 1º Bimestre,1° Bimestre,,
21050,2014-04-26 00:00,Todas,1ª série PISM,2CH - Prova Literatura 1º Bimestre,1° Bimestre,,
21055,2014-04-26 00:00,Todas,1ª série Regular,2CH - Prova Artes 1º Bimestre,1° Bimestre,,
21055,2014-04-26 00:00,Todas,1ª série PISM,2CH - Prova Artes 1º Bimestre,1° Bimestre,,
22038,2014-04-26 00:00,Todas,2ª série Regular,2CH - Prova Física 1 1º Bimestre,1° Bimestre,,
22038,2014-04-26 00:00,Todas,2ª série PISM,2CH - Prova Física 1 1º Bimestre,1° Bimestre,,
22039,2014-04-26 00:00,Todas,2ª série Regular,2CH - Prova Física 2 1º Bimestre,1° Bimestre,,
22039,2014-04-26 00:00,Todas,2ª série PISM,2CH - Prova Física 2 1º Bimestre,1° Bimestre,,
22050,2014-04-26 00:00,Todas,2ª série PISM,2CH - Prova Literatura 1º Bimestre,1° Bimestre,,
22050,2014-04-26 00:00,Todas,2ª série Regular,2CH - Prova Literatura 1º Bimestre,1° Bimestre,,
22055,2014-04-26 00:00,Todas,2ª série Regular,2CH - Prova Artes 1º Bimestre,1° Bimestre,,
22055,2014-04-26 00:00,Todas,2ª série PISM,2CH - Prova Artes 1º Bimestre,1° Bimestre,,
19040,2014-04-27 00:00,Todas,EF 9º ano,2CH - Prova Biologia 1º Bimestre ,1° Bimestre,,
19041,2014-04-27 00:00,Todas,EF 9º ano,2CH - Prova Redação 1º Bimestre,1° Bimestre,,
19042,2014-04-27 00:00,Todas,EF 9º ano,2CH - Prova Geografia 1º Bimestre,1° Bimestre,,
20001,2014-04-27 00:00,Todas,9º Ano Preparatório,Prova 1º Bimestre,1° Bimestre,,
20001,2014-04-27 00:00,Todas,Projeto CN,Prova 1º Bimestre,1° Bimestre,,
20001,2014-04-27 00:00,Todas,Preparatório,Prova 1º Bimestre,1° Bimestre,,
22042,2014-04-27 00:00,Todas,2ª série PISM,2CH - Prova História 1 1º Bimestre,1° Bimestre,,
22042,2014-04-27 00:00,Todas,2ª série Regular,2CH - Prova História 1 1º Bimestre,1° Bimestre,,
22043,2014-04-27 00:00,Todas,2ª série Regular,2CH - Prova História 2 1º Bimestre,1° Bimestre,,
22043,2014-04-27 00:00,Todas,2ª série PISM,2CH - Prova História 2 1º Bimestre,1° Bimestre,,
22048,2014-04-27 00:00,Todas,2ª série Regular,2CH - Prova Português 1º Bimestre,1° Bimestre,,
22048,2014-04-27 00:00,Todas,2ª série PISM,2CH - Prova Português 1º Bimestre,1° Bimestre,,
25001,2014-04-27 00:00,Todas,1ª série Militar,Prova 1º Bimestre,1° Bimestre,,
31997,2014-04-27 00:00,Todas,Medicina,Bõnus 2º Simulado UERJ,1° Bimestre,,
31997,2014-04-27 00:00,Todas,Projeto UERJ,Bõnus 2º Simulado UERJ,1° Bimestre,,
31997,2014-04-27 00:00,Todas,Projeto ENEM,Bõnus 2º Simulado UERJ,1° Bimestre,,
31997,2014-04-27 00:00,Todas,Pré-vestibular,Bõnus 2º Simulado UERJ,1° Bimestre,,
32001,2014-04-27 00:00,Todas,IME/ITA,Prova 1º Bimestre,1° Bimestre,,
33001,2014-04-27 00:00,Todas,Projeto AFA/EFOMM,Prova 1º Bimestre,1° Bimestre,,
33001,2014-04-27 00:00,Todas,AFA/EFOMM,Prova 1º Bimestre,1° Bimestre,,
34001,2014-04-27 00:00,Todas,EsPCEx,EsPCEx PBIM 01,1° Bimestre,,
11216,2014-04-29 00:00,Todas,EF 1º ano,Provas A,1° Bimestre,,
12216,2014-04-29 00:00,Todas,EF 2º ano,Provas A,1° Bimestre,,
13216,2014-04-29 00:00,Todas,EF 3º ano,Provas A,1° Bimestre,,
14216,2014-04-29 00:00,Todas,EF 4º ano,Provas A,1° Bimestre,,
15216,2014-04-29 00:00,Todas,EF 5º ano,Provas A,1° Bimestre,,
14217,2014-04-30 00:00,Todas,EF 4º ano,Provas A,1° Bimestre,,
15217,2014-04-30 00:00,Todas,EF 5º ano,Provas A,1° Bimestre,,
20452,2014-05-01 00:00,Todas,9º Ano Preparatório,TD 1º Bim,1° Bimestre,,
20452,2014-05-01 00:00,Todas,Projeto CN,TD 1º Bim,1° Bimestre,,
20452,2014-05-01 00:00,Todas,Preparatório,TD 1º Bim,1° Bimestre,,
25101,2014-05-01 00:00,Todas,1ª série Militar,Teste Inglês,1° Bimestre,,
25452,2014-05-01 00:00,Todas,1ª série Militar,TD 1º Bim,1° Bimestre,,
26452,2014-05-01 00:00,Todas,2ª série Militar,TD 1º Bim,1° Bimestre,,
32452,2014-05-01 00:00,Todas,IME/ITA,TD 1º Bim,1° Bimestre,,
33452,2014-05-01 00:00,Todas,Projeto AFA/EFOMM,TD 1º BIM,1° Bimestre,,
33452,2014-05-01 00:00,Todas,AFA/EFOMM,TD 1º BIM,1° Bimestre,,
34452,2014-05-01 00:00,Todas,EsPCEx,TD 1º Bim,1° Bimestre,,
11218,2014-05-03 00:00,Todas,EF 1º ano,Prova Ed. Física e Artes,1° Bimestre,,
12218,2014-05-03 00:00,Todas,EF 2º ano,Prova Ed. Física e Artes,1° Bimestre,,
13218,2014-05-03 00:00,Todas,EF 3º ano,Prova Ed. Física e Artes,1° Bimestre,,
14218,2014-05-03 00:00,Todas,EF 4º ano,Prova Ed. Física e Artes,1° Bimestre,,
15218,2014-05-03 00:00,Todas,EF 5º ano,Prova Ed. Física e Artes,1° Bimestre,,
20002,2014-05-04 00:00,Todas,Projeto CN,2CH - Prova 1º Bimestre,1° Bimestre,,
20002,2014-05-04 00:00,Todas,Preparatório,2CH - Prova 1º Bimestre,1° Bimestre,,
20002,2014-05-04 00:00,Todas,9º Ano Preparatório,2CH - Prova 1º Bimestre,1° Bimestre,,
25002,2014-05-04 00:00,Todas,1ª série Militar,2CH - Prova 1º Bimestre,1° Bimestre,,
32002,2014-05-04 00:00,Todas,IME/ITA,2CH - Prova 1º Bimestre,1° Bimestre,,
33002,2014-05-04 00:00,Todas,Projeto AFA/EFOMM,2CH - Prova 1º Bimestre,1° Bimestre,,
33002,2014-05-04 00:00,Todas,AFA/EFOMM,2CH - Prova 1º Bimestre,1° Bimestre,,
34002,2014-05-04 00:00,Todas,EsPCEx,2CH - EsPCEx PBIM 01,1° Bimestre,,
31996,2014-05-09 00:00,Todas,Projeto ENEM,2 Minissimulado ENEM,1° Bimestre,,
31996,2014-05-09 00:00,Todas,Pré-vestibular,2 Minissimulado ENEM,1° Bimestre,,
31996,2014-05-09 00:00,Todas,Medicina,2 Minissimulado ENEM,1° Bimestre,,
31996,2014-05-09 00:00,Todas,Projeto UERJ,2 Minissimulado ENEM,1° Bimestre,,
20701,2014-05-10 00:00,Todas,Projeto CN,Prova de Educação Física,1° Bimestre,,
20701,2014-05-10 00:00,Todas,Preparatório,Prova de Educação Física,1° Bimestre,,
20701,2014-05-10 00:00,Todas,9º Ano Preparatório,Prova de Educação Física,1° Bimestre,,
31550,2014-08-03 00:00,Todas,Pré-vestibular,2CH - 1º Minissimulado ENEM,1° Bimestre,,
31550,2014-08-03 00:00,Todas,Projeto UERJ,2CH - 1º Minissimulado ENEM,1° Bimestre,,
31550,2014-08-03 00:00,Todas,Medicina,2CH - 1º Minissimulado ENEM,1° Bimestre,,
31550,2014-08-03 00:00,Todas,Projeto ENEM,2CH - 1º Minissimulado ENEM,1° Bimestre,,
31551,2014-08-03 00:00,Todas,Projeto ENEM,2CH - 2º Minissimulado ENEM,1° Bimestre,,
31551,2014-08-03 00:00,Todas,Pré-vestibular,2CH - 2º Minissimulado ENEM,1° Bimestre,,
31551,2014-08-03 00:00,Todas,Projeto UERJ,2CH - 2º Minissimulado ENEM,1° Bimestre,,
31551,2014-08-03 00:00,Todas,Medicina,2CH - 2º Minissimulado ENEM,1° Bimestre,,
31650,2014-08-03 00:00,Todas,Projeto UERJ,2CH - 1º Minissimulado ENEM,1° Bimestre,,
31650,2014-08-03 00:00,Todas,Medicina,2CH - 1º Minissimulado ENEM,1° Bimestre,,
31650,2014-08-03 00:00,Todas,Projeto ENEM,2CH - 1º Minissimulado ENEM,1° Bimestre,,
31650,2014-08-03 00:00,Todas,Pré-vestibular,2CH - 1º Minissimulado ENEM,1° Bimestre,,
31651,2014-08-03 00:00,Todas,Projeto ENEM,2CH - 2º Minissimulado ENEM,1° Bimestre,,
31651,2014-08-03 00:00,Todas,Pré-vestibular,2CH - 2º Minissimulado ENEM,1° Bimestre,,
31651,2014-08-03 00:00,Todas,Projeto UERJ,2CH - 2º Minissimulado ENEM,1° Bimestre,,
31651,2014-08-03 00:00,Todas,Medicina,2CH - 2º Minissimulado ENEM,1° Bimestre,,
16951,2014-09-01 00:00,Todas,EF 6º ano,Transferência - BIM 1,1° Bimestre,,
17951,2014-09-01 00:00,Todas,EF 7º ano,Transferência - BIM 1,1° Bimestre,,
18951,2014-09-01 00:00,Todas,EF 8º ano,Transferência - BIM 1,1° Bimestre,,
19951,2014-09-01 00:00,Todas,EF 9º ano,Transferência - BIM 1,1° Bimestre,,
20151,2014-09-01 00:00,Todas,9º Ano Preparatório,Transferência - BIM 1,1° Bimestre,,
20151,2014-09-01 00:00,Todas,Projeto CN,Transferência - BIM 1,1° Bimestre,,
20151,2014-09-01 00:00,Todas,Preparatório,Transferência - BIM 1,1° Bimestre,,
21951,2014-09-01 00:00,Todas,1ª série Regular,Transferência - BIM 1,1° Bimestre,,
21951,2014-09-01 00:00,Todas,1ª série PISM,Transferência - BIM 1,1° Bimestre,,
22941,2014-09-01 00:00,Todas,2ª série PISM,Transferência - BIM 1,1° Bimestre,,
22941,2014-09-01 00:00,Todas,2ª série Regular,Transferência - BIM 1,1° Bimestre,,
25951,2014-09-01 00:00,Todas,1ª série Militar,Transferência - BIM 1,1° Bimestre,,
26951,2014-09-01 00:00,Todas,2ª série Militar,Transferência - BIM 1,1° Bimestre,,
31951,2014-09-01 00:00,Todas,Projeto ENEM,Transferência - BIM 1,1° Bimestre,,
31951,2014-09-01 00:00,Todas,Pré-vestibular,Transferência - BIM 1,1° Bimestre,,
31951,2014-09-01 00:00,Todas,Medicina,Transferência - BIM 1,1° Bimestre,,
31951,2014-09-01 00:00,Todas,Projeto UERJ,Transferência - BIM 1,1° Bimestre,,
32951,2014-09-01 00:00,Todas,IME/ITA,Transferência - BIM 1,1° Bimestre,,
33951,2014-09-01 00:00,Todas,Projeto AFA/EFOMM,Transferência - BIM 1,1° Bimestre,,
33951,2014-09-01 00:00,Todas,AFA/EFOMM,Transferência - BIM 1,1° Bimestre,,