Campo Grande,1ª série
Campo Grande,2ª série
Campo Grande,3ª série
Campo Grande,9º Ano
Campo Grande,AFA/EFOMM
Campo Grande,EsPCEx
Campo Grande,Pré-vestibular
Freguesia 1,1ª série
Freguesia 1,1º Ano
Freguesia 1,2ª série
Freguesia 1,2º Ano
Freguesia 1,3ª série
Freguesia 1,3º Ano
Freguesia 1,4º Ano
Freguesia 1,5º Ano
Freguesia 1,6º Ano
Freguesia 1,7º Ano
Freguesia 1,8º Ano
Freguesia 1,9º Ano
Freguesia 1,Medicina
Freguesia 1,Pré-vestibular
Icaraí 1,1ª série
Icaraí 1,2ª série
Icaraí 1,3ª série
Icaraí 1,Dependência 1ª série
Icaraí 1,Dependência 2ª série
Icaraí 1,IME/ITA
Icaraí 1,Pré-vestibular
Icaraí 2,1ª série
Icaraí 2,1º Ano
Icaraí 2,2ª série
Icaraí 2,2º Ano
Icaraí 2,3º Ano
Icaraí 2,4º Ano
Icaraí 2,5º Ano
Icaraí 2,6º Ano
Icaraí 2,7º Ano
Icaraí 2,8º Ano
Icaraí 2,9º Ano
Icaraí 2,Dependência 9° ano
Ilha do Governador 1,6º Ano
Ilha do Governador 1,7º Ano
Ilha do Governador 1,8º Ano
Ilha do Governador 1,9º Ano
Ilha do Governador 2,1ª série
Ilha do Governador 2,2ª série
Ilha do Governador 2,3ª série
Ilha do Governador 2,9º Ano
Ilha do Governador 2,AFA/EFOMM
Ilha do Governador 2,Pré-vestibular
Ipanema,1ª série
Ipanema,2ª série
Ipanema,3ª série
Ipanema,6º Ano
Ipanema,7º Ano
Ipanema,8º Ano
Ipanema,9º Ano
Ipanema,IME/ITA
Ipanema,Dependência 2ª série
Ipanema,Dependência 8º ano
Ipanema,Pré-vestibular
Itaipu,1ª série
Itaipu,2ª série
Itaipu,3ª série
Itaipu,6º Ano
Itaipu,7º Ano
Itaipu,8º Ano
Itaipu,9º Ano
Itaipu,Pré-vestibular
Madureira 1,1ª série
Madureira 1,1º Ano
Madureira 1,2ª série
Madureira 1,2º Ano
Madureira 1,3ª série
Madureira 1,3º Ano
Madureira 1,4º Ano
Madureira 1,5º Ano
Madureira 1,6º Ano
Madureira 1,7º Ano
Madureira 1,8º Ano
Madureira 1,9º Ano
Madureira 1,AFA/EFOMM
Madureira 1,EsPCEx
Madureira 1,EsSA
Madureira 1,IME/ITA
Madureira 1,Dependência 1ª série
Madureira 1,Preparatório
Madureira 1,Pré-vestibular
Méier,1ª série
Méier,2ª série
Méier,3ª série
Méier,6º Ano
Méier,7º Ano
Méier,8º Ano
Méier,9º Ano
Méier,Pré-vestibular
Recreio 1,1ª série
Recreio 1,2ª série
Recreio 1,3ª série
Recreio 1,6º Ano
Recreio 1,7º Ano
Recreio 1,8º Ano
Recreio 1,9º Ano
Recreio 1,AFA/EFOMM
Recreio 1,Pré-vestibular
Recreio 1,Dependência 1ª série
Recreio 1,Dependência 2ª série
Recreio 1,Dependência 7º ano
Recreio 1,Dependência 8º ano
Recreio 1,Dependência 9° ano
Recreio 2,1º Ano
Recreio 2,2º Ano
Recreio 2,3º Ano
Recreio 2,4º Ano
Recreio 2,5º Ano
Tijuca 1,1ª série
Tijuca 1,2ª série
Tijuca 1,6º Ano
Tijuca 1,7º Ano
Tijuca 1,8º Ano
Tijuca 1,9º Ano
Tijuca 1,Pré IME 1
Tijuca 1,Pré IME 2
Tijuca 1,Dependência 1ª série
Tijuca 2,1ª série
Tijuca 2,2ª série
Tijuca 2,3ª série
Tijuca 2,9º Ano
Tijuca 2,AFA/EFOMM
Tijuca 2,EsPCEx
Tijuca 2,IME/ITA
Tijuca 2,Pré-vestibular
Tijuca 2,Preparatório
Tijuca 2,Dependência 2ª série
Vila da Penha 1,3ª série
Vila da Penha 1,Pré-vestibular
Vila da Penha 2,1ª série
Vila da Penha 2,1º Ano
Vila da Penha 2,2ª série
Vila da Penha 2,2º Ano
Vila da Penha 2,5º Ano
Vila da Penha 2,6º Ano
Vila da Penha 2,7º Ano
Vila da Penha 2,8º Ano
Vila da Penha 2,9º Ano
Vila da Penha 2,Dependência 1ª série